Workbook

Sheet monthly
A1: サービス | B1: 課金項目 | C1: 単価USD | D1: 数量 | E1: 月額USD | F1: 月額JPY
A2: Aurora Serverless v2 | B2: ACU時間 | C2: 0.2 | D2: 5840 | E2: =C2*D2 | F2: =E2*'_assumptions'!$B$2
A3: Aurora | B3: ストレージGB-月 | C3: 0.1 | D3: 100 | E3: =C3*D3 | F3: =E3*'_assumptions'!$B$2
A4: Transfer Family | B4: エンドポイント時間 | C4: 0.3 | D4: 1460 | E4: =C4*D4 | F4: =E4*'_assumptions'!$B$2
A5: Transfer Family | B5: データ転送GB | C5: 0.04 | D5: 500 | E5: =C5*D5 | F5: =E5*'_assumptions'!$B$2
A6: S3 | B6: ストレージGB-月 | C6: 0.025 | D6: 500 | E6: =C6*D6 | F6: =E6*'_assumptions'!$B$2
A7: S3 | B7: リクエスト概算 | C7: 5 | D7: 1 | E7: =C7*D7 | F7: =E7*'_assumptions'!$B$2
A8: Lambda | B8: 実行概算 | C8: 30 | D8: 1 | E8: =C8*D8 | F8: =E8*'_assumptions'!$B$2
A9: Step Functions | B9: 状態遷移概算 | C9: 25 | D9: 1 | E9: =C9*D9 | F9: =E9*'_assumptions'!$B$2
A10: SQS | B10: 標準キュー概算 | C10: 8 | D10: 1 | E10: =C10*D10 | F10: =E10*'_assumptions'!$B$2
A11: DynamoDB | B11: オンデマンド概算 | C11: 30 | D11: 1 | E11: =C11*D11 | F11: =E11*'_assumptions'!$B$2
A12: NAT Gateway | B12: 時間料金 | C12: 0.062 | D12: 1460 | E12: =C12*D12 | F12: =E12*'_assumptions'!$B$2
A13: NAT Gateway | B13: データ処理GB | C13: 0.062 | D13: 500 | E13: =C13*D13 | F13: =E13*'_assumptions'!$B$2
... A18: KMS | B18: キー数 | C18: 1 | D18: 4 | E18: =C18*D18 | F18: =E18*'_assumptions'!$B$2

Sheet summary
A1: 項目 | B1: 月額USD合計 | C1: 月額JPY合計 | D1: 年額JPY
A2: 本番環境 合計 | B2: =SUM(monthly!E2:E18) | C2: =SUM(monthly!F2:F18) | D2: =C2*'_assumptions'!$B$3

Sheet _assumptions
A1: key | B1: value | C1: note
A2: usd_jpy | B2: 155 | C2: 為替レート（2026-06 想定、要確認）
A3: months | B3: 12 | C3: 年額換算の月数
A4: region | B4: ap-northeast-1 | C4: 東京リージョン前提
A5: env | B5: prod | C5: 本番。Aurora 2-8ACU/Multi-AZ 構成
A6: hours | B6: 730 | C6: 月間稼働時間（24h×365/12）
